{"cameraMode":{"drawMode":0,"name":"Shaded","section":"Shading Mode"},"sceneLighting":true,"audioPlay":false,"sceneViewState":{"m_AlwaysRefresh":true,"showFog":true,"showSkybox":true,"showFlares":true,"showImageEffects":true,"showParticleSystems":true,"showVisualEffectGraphs":true,"m_FxEnabled":true},"in2DMode":false,"pivot":{"x":972.021484375,"y":567.2042236328125,"z":64.02044677734375},"rotation":{"x":-0.010809427127242089,"y":0.0005977852852083743,"z":-0.00000964131140790414,"w":-0.9999504089355469},"size":699.2784423828125,"orthographic":false}