{"cameraMode":{"drawMode":0,"name":"Shaded","section":"Shading Mode"},"sceneLighting":true,"audioPlay":false,"sceneViewState":{"showFog":true,"showMaterialUpdate":true,"showSkybox":true,"showFlares":true,"showImageEffects":true,"showParticleSystems":true},"in2DMode":false,"pivot":{"x":0.7302743196487427,"y":0.7149153351783752,"z":1.8719584941864014},"rotation":{"x":0.08428364992141724,"y":-0.16232281923294068,"z":0.013918559066951275,"w":0.9830330014228821},"size":8.714605331420899,"orthographic":false}